Artist Name,Track Name,Popularity,danceability,energy,key,loudness,mode,speechiness,acousticness,instrumentalness,liveness,valence,tempo,duration_in min/ms,time_signature,Class
Bruno Mars,That's What I Like (feat. Gucci Mane),60.0,0.854,0.564,1.0,-4.964,1,0.0485,0.0171,,0.0849,0.899,134.071,234596.0,4,5
Boston,Hitch a Ride,54.0,0.382,0.814,3.0,-7.23,1,0.0406,0.0011,0.00401,0.101,0.569,116.454,251733.0,4,10
The Raincoats,No Side to Fall In,35.0,0.434,0.614,6.0,-8.334,1,0.0525,0.486,0.000196,0.394,0.787,147.681,109667.0,4,6
Deno,Lingo (feat. J.I & Chunkz),66.0,0.853,0.597,10.0,-6.528,0,0.0555,0.0212,,0.122,0.569,107.033,173968.0,4,5
Red Hot Chili Peppers,Nobody Weird Like Me - Remastered,53.0,0.167,0.975,2.0,-4.279,1,0.216,0.000169,0.0161,0.172,0.0918,199.06,229960.0,4,10
The Stooges,Search and Destroy - Iggy Pop Mix,53.0,0.235,0.977,6.0,0.878,1,0.107,0.00353,0.00604,0.172,0.241,152.952,208133.0,4,6
Solomon Burke,None Of Us Are Free,48.0,0.674,0.658,5.0,-9.647,0,0.104,0.404,1.34e-06,0.0981,0.677,143.292,329387.0,4,2
Randy Travis,On the Other Hand,55.0,0.657,0.415,5.0,-9.915,1,0.025,0.175,5.65e-06,0.132,0.347,96.03,3.105783333,4,4
Professional Murder Music,Slow,29.0,0.431,0.776,10.0,-5.403,1,0.0527,2.21e-05,0.0013,0.179,0.318,120.857,237867.0,4,8
Dudu Aharon,"◊ì◊ï◊ì◊ï, ◊ô◊ê◊ú◊ú◊î ◊ô◊ê◊ú◊ú◊î",14.0,0.716,0.885,1.0,-4.348,0,0.0333,0.0614,,0.253,0.833,128.043,164093.0,4,9
Mohammed Rafi,Meri Dosti Mera Pyar,11.0,0.491,0.563,7.0,-8.588,0,0.0331,0.957,0.0023,0.263,0.843,95.558,4.33045,4,3
Arctic Monkeys,The View From The Afternoon,59.0,0.387,0.922,9.0,-5.192,0,0.0674,0.00487,,0.187,0.417,146.478,222947.0,4,10
Eyal Golan,◊ß◊®◊ï◊ë◊î ◊ê◊ú◊ô◊ô,34.0,0.585,0.381,1.0,-7.622,0,0.0463,0.435,,0.126,0.322,143.876,206875.0,4,9
"Harald Lassen, Bram de Looze",How it feels pt. 2,34.0,0.462,0.374,11.0,-12.069,0,0.0331,0.949,0.929,0.131,0.174,122.939,4.44025,3,7
Buffalo Springfield,For What It's Worth,76.0,0.653,0.519,2.0,-10.164,1,0.0497,0.406,0.0209,0.101,0.822,98.883,153693.0,4,10
Elmore James,Madison Blues,37.0,0.431,0.852,2.0,-6.522,1,0.0431,0.564,0.208,0.254,0.794,67.601,146800.0,4,2
Dudu Aharon,◊ú◊ê ◊ô◊õ◊ï◊ú ◊ë◊ú◊¢◊ì◊ô◊ô◊ö,14.0,0.713,0.939,5.0,-3.609,0,0.0372,0.11,5.88e-06,0.331,0.88,108.034,179320.0,4,9
Velvet Two Stripes,Drinks,31.0,0.564,0.801,1.0,-4.73,0,0.0473,0.00233,0.0078,0.067,0.401,105.01,154293.0,4,10
Eden Ben Zaken,◊û◊†◊í◊ô◊†◊î,29.0,0.57,0.458,9.0,-5.935,0,0.0236,0.502,2.35e-06,0.134,0.19,93.088,217529.0,4,9
DaBaby,Baby Sitter (feat. Offset),70.0,0.852,0.73,1.0,-5.803,1,0.0579,0.0219,,0.336,0.394,92.506,157693.0,4,5
Mura Masa,Teenage Headache Dreams (with Ellie Rowsell),48.0,0.347,0.411,6.0,-8.071,1,0.0414,0.0181,0.636,0.0975,0.395,171.991,283013.0,4,6
Clairmont The Second,intres-ting,44.0,0.796,0.441,7.0,-9.83,1,0.292,0.16,2.89e-05,0.118,0.371,158.105,137872.0,4,1
Krankhead,Cut Throat,29.0,0.805,0.448,7.0,-9.452,1,0.112,0.0602,1.79e-06,0.113,0.775,160.018,138000.0,4,5
The Stone Roses,Driving South,44.0,0.472,0.947,9.0,-6.128,1,0.0774,9.43e-06,0.0155,0.364,0.75,98.784,309867.0,4,10
R3HAB,Whiplash - Acoustic,44.0,0.556,0.188,8.0,-12.161,1,0.0316,0.494,,0.119,0.184,138.091,145217.0,4,9
"IndianRaga, Akshay Anantapadmanabhan, Madhu Iyer, Sri Poornima Krishna Emani",Swagatham Krishna - Mohanam - Adi,,0.548,0.711,10.0,-8.44,1,0.107,0.542,9.59e-05,0.355,0.618,119.675,4.015633333,3,0
MC Hammer,U Can't Touch This,73.0,0.867,0.517,11.0,-13.222,0,0.0875,0.00456,0.000339,0.0864,0.866,133.148,257360.0,4,9
duendita,Open Eyes,35.0,0.341,0.47,5.0,-10.144,1,0.037,0.226,0.105,0.518,0.203,144.109,204280.0,4,1
Rainbow,Since You Been Gone,66.0,0.733,0.726,7.0,-6.514,1,0.0371,0.379,2.58e-06,0.471,0.915,120.814,197160.0,4,8
fijitrip,Private Social Network,30.0,0.696,0.661,6.0,-5.996,1,0.0877,0.00103,3.21e-05,0.114,0.397,121.032,180822.0,4,6
Machine Gun Kelly,love race (feat. Kellin Quinn),81.0,0.517,0.848,10.0,-4.054,1,0.0521,0.00581,,0.214,0.429,95.906,188779.0,4,9
ShittyCT,Mahapecha Shel Simcha,4.0,0.437,0.948,5.0,-4.287,0,0.092,0.000234,,0.0876,0.517,170.023,180293.0,4,6
Tetrarch,Negative Noise,49.0,0.384,0.974,1.0,-3.647,0,0.141,0.000153,0.000247,0.226,0.155,194.842,247370.0,4,8
Dreezy,Where Them $ @,42.0,0.858,0.525,,-7.332,1,0.148,0.0443,0.00738,0.197,0.351,170.875,193962.0,4,5
The Ayoub Sisters,Mother's Pride,16.0,0.297,0.0958,,-20.316,1,0.0384,0.844,0.855,0.126,0.296,80.672,3.503783333,4,7
Brandon Jack & The Artifacts,four days,29.0,0.516,0.948,2.0,-3.994,1,0.0644,0.0279,0.0564,0.15,0.957,170.087,130329.0,4,1
Moon Guitar,Struna,47.0,0.32,0.242,,-15.17,1,0.0422,0.941,0.93,0.165,0.431,81.09,2.817633333,4,7
Ivri Lider,◊†◊°◊ô◊õ◊î ◊©◊ú◊ô,47.0,0.661,0.407,4.0,-9.283,1,0.0412,0.713,,0.115,0.337,127.873,216695.0,4,9
Vieux Farka Tour√©,Bonheur,37.0,0.569,0.751,7.0,-12.826,1,0.0418,0.365,0.856,0.0561,0.758,105.156,338292.0,4,2
Kvelertak,Crack of Doom (feat. Troy Sanders),44.0,0.357,0.977,1.0,-6.489,0,0.124,1.6e-05,0.892,0.105,0.28,159.81,233929.0,4,8
Better Than Ezra,Good,63.0,0.615,0.657,7.0,-6.873,1,0.029,0.000372,0.0204,0.132,0.792,109.95,185093.0,4,10
Lior Narkis,◊ó◊ú◊ß◊™ ◊ê◊ú◊ï◊î◊ô◊ù - ◊î◊©◊ô◊® ◊©◊ú ◊ê◊ï◊§◊ô◊®,44.0,0.479,0.444,,-6.497,1,0.0316,0.857,,0.141,0.236,107.915,174242.0,4,9
Silversun Pickups,Lazy Eye,65.0,0.633,0.831,4.0,-5.053,1,0.0461,0.0401,0.693,0.117,0.243,127.397,354360.0,4,10
Lilly Wood and The Prick,A Song,,0.618,0.438,11.0,-7.495,1,0.0762,0.407,,0.5,0.651,155.014,209307.0,4,6
Orange Juice,Rip It Up,55.0,0.881,0.546,7.0,-9.357,1,0.0407,0.0532,0.000149,0.0497,0.852,102.814,320413.0,4,6
U2,The Blackout,49.0,0.624,0.528,9.0,-9.103,0,0.0344,0.0286,0.00516,0.0866,0.33,120.049,285933.0,4,10
Omer Adam,◊™◊í◊ô◊ì◊ô ◊ú◊ô ◊©◊ò◊ï◊ë ◊ú◊ö,37.0,0.607,0.503,2.0,-7.406,1,0.0703,0.446,,0.173,0.473,135.606,205040.0,4,9
The Clash,The Magnificent Seven - Remastered,56.0,0.799,0.789,,-8.208,1,0.0395,0.0595,,0.0338,0.831,116.083,333520.0,4,10
Victor Manu,Raphaela,47.0,0.494,0.0634,2.0,-19.203,1,0.044,0.984,0.926,0.11,0.15,78.227,3.014916667,4,7
The Last Shadow Puppets,Bad Habits,49.0,0.52,0.642,9.0,-7.546,1,0.0434,0.000517,0.0017,0.0794,0.449,88.967,180968.0,4,10
Anne-Marie,Our Song,48.0,0.595,0.759,11.0,-4.245,0,0.0423,0.141,,0.172,0.515,80.953,163733.0,4,9
How Lucky,"Kurt Vile, John Prine",,0.523,0.441,5.0,-9.928,1,0.0311,0.465,0.00268,0.365,0.49,171.246,3.385116667,4,0
Sly & The Family Stone,"I Want To Take You Higher - Live at The Woodstock Music & Art Fair, August 17, 1969",28.0,0.566,0.943,,-10.359,1,0.123,0.00488,0.346,0.728,0.324,117.813,403027.0,4,10
Veruca Salt,Seether,47.0,0.612,0.86,8.0,-9.175,1,0.044,0.00253,0.00153,0.158,0.687,136.212,196467.0,4,1
Juice WRLD,Life's A Mess (feat. Halsey),77.0,0.63,0.446,1.0,-8.9,1,0.0351,0.337,,0.166,0.177,143.078,202193.0,4,5
BENEE,C U,53.0,0.521,0.532,9.0,-11.492,0,0.0357,0.563,0.000435,0.386,0.326,95.19,180533.0,4,9
Berry Sakharof,◊†◊§◊™◊ú◊ô ◊î◊ì◊í,18.0,0.501,0.474,2.0,-13.893,1,0.0299,0.608,0.885,0.147,0.281,102.404,352267.0,4,10
Ganser,Self Service - Adam Faulkner / Girl Band Remix,9.0,0.185,0.865,9.0,-10.522,1,0.0576,0.000632,0.807,0.112,0.0789,84.031,207465.0,3,6
Dion,Blues Comin‚Äô On,34.0,0.532,0.685,4.0,-6.577,0,0.0318,0.0208,0.000154,0.303,0.648,140.036,288071.0,4,2
Nick Cave & The Bad Seeds,Deanna,41.0,0.415,0.94,,-4.874,1,0.0889,0.0049,,0.144,0.439,134.392,225627.0,4,1
Soen,Lotus,49.0,0.425,0.403,4.0,-9.343,0,0.0273,0.0792,0.0049,0.113,0.135,155.761,323931.0,4,10
Vani Jairam,Bole Re Papihara,20.0,0.373,0.707,1.0,-9.566,0,0.0562,0.668,3.68e-05,0.361,0.75,89.1,3.578883333,4,3
Liam Gallagher,Once,59.0,0.39,0.646,6.0,-3.961,1,0.0372,0.0904,,0.114,0.271,120.755,213677.0,4,10
The Pretty Things,She's a Lover,38.0,0.439,0.795,2.0,-9.424,1,0.0314,0.00407,0.00114,0.296,0.789,84.846,212067.0,4,6
Tha Dogg Pound,"New York, New York",56.0,0.827,0.532,2.0,-4.775,1,0.302,0.0219,2.91e-05,0.127,0.694,87.257,290440.0,4,5
BLAB,Casual Sex,26.0,0.709,0.685,2.0,-7.573,1,0.0281,0.0355,0.0268,0.0389,0.7,129.987,194567.0,4,1
Mighty Sam McClain,When the Hurt Is Over,41.0,0.583,0.143,,-15.786,1,0.148,0.676,2.84e-05,0.117,0.533,156.009,371496.0,3,2
Trillary Banks,Last Man Standing,35.0,0.704,0.579,6.0,-9.331,1,0.418,0.287,,0.139,0.712,142.815,176667.0,4,5
El Goodo,Feel so Fine,30.0,0.247,0.88,2.0,-3.057,1,0.097,2.01e-05,0.309,0.122,0.333,134.445,237493.0,4,10
Keb' Mo',The Medicine Man [Feat. Old Crow Medicine Show],54.0,0.801,0.637,,-6.406,1,0.0565,0.169,3.75e-05,0.0925,0.769,77.012,218360.0,4,2
Why Bonnie,Athlete,24.0,0.539,0.578,4.0,-8.522,1,0.0278,0.0987,0.000923,0.28,0.353,102.03,191890.0,4,10
Snoop Dogg,Beautiful,63.0,0.907,0.695,11.0,-6.268,0,0.135,0.246,,0.0808,0.961,101.007,298307.0,4,5
MOD SUN,Stay Away (feat. Machine Gun Kelly & Goody Grace),68.0,0.667,0.636,8.0,-5.669,1,0.082,0.022,,0.0908,0.152,158.058,151891.0,4,10
Turbo Knight,Rasengan,43.0,0.436,0.944,10.0,-7.981,1,0.0398,0.0035,0.972,0.105,0.588,110.002,307545.0,4,6
The Black Crowes,Sometimes Salvation,41.0,0.366,0.662,4.0,-4.914,1,0.034,0.00261,,0.0594,0.362,148.34,284000.0,3,10
"Britney Spears, will.i.am",Big Fat Bass (feat. will.i.am),41.0,0.777,0.71,,-4.717,1,0.0919,0.0295,,0.192,0.673,129.945,4.747333333,4,9
Radiohead,Burn the Witch,57.0,0.54,0.847,11.0,-6.52,1,0.0297,0.303,0.272,0.109,0.62,148.936,220609.0,4,10
Oceans,Shark Tooth,42.0,0.435,0.889,11.0,-6.462,0,0.0474,2.38e-05,0.000872,0.87,0.344,93.896,198345.0,4,8
Arctic Monkeys,R U Mine?,79.0,0.288,0.758,6.0,-5.692,0,0.0371,0.00616,,0.303,0.619,97.094,201726.0,4,10
The Stranglers,Golden Brown,71.0,0.562,0.383,6.0,-15.474,1,0.0304,0.143,0.124,0.138,0.599,93.764,206760.0,3,10
Itay Levi,◊î◊©◊ß◊ò ◊©◊ú ◊©◊ë◊™,33.0,0.683,0.347,1.0,-10.392,1,0.0473,0.549,,0.0907,0.437,80.009,157630.0,4,9
Joe Bonamassa,Cradle Rock,44.0,0.411,0.91,2.0,-4.867,1,0.0392,0.000243,0.00082,0.0931,0.613,106.675,230027.0,4,10
LeRoi Thirteen,Stand up and Shout (Cover),41.0,0.49,0.974,8.0,-4.295,1,0.115,0.000546,0.225,0.336,0.257,108.946,229617.0,4,8
Us The Duo,drivers license,55.0,0.374,0.35,10.0,-11.48,1,0.176,0.843,,0.188,0.129,74.464,3.81156667,1,0
Keller Williams,Right Here,43.0,0.633,0.194,8.0,-14.543,1,0.0729,0.885,0.404,0.111,0.421,143.376,348383.0,4,2
Primal Scream,Movin' on Up,63.0,0.523,0.76,5.0,-12.437,1,0.0325,0.103,0.00068,0.0666,0.581,94.267,228267.0,4,10
Lil Son Jackson,Upstairs Boogie,35.0,0.593,0.438,10.0,-13.451,0,0.028,0.883,0.0167,0.317,0.758,130.225,136560.0,3,2
Drake,Passionfruit,81.0,0.809,0.463,11.0,-11.377,1,0.0396,0.256,0.085,0.109,0.364,111.98,4.98235,4,9
Abstract Orchestra,New Day,45.0,0.748,0.411,8.0,-6.06,0,0.0489,0.0532,0.0117,0.115,0.339,91.941,145052.0,4,5
Luther Allison,Soul Fixin' Man,13.0,0.529,0.595,2.0,-13.696,1,0.0375,0.0227,0.0266,0.0326,0.767,134.642,187827.0,4,2
Elena Falwell,Elegi For Cello,41.0,0.167,0.148,,-19.539,1,0.0347,0.955,0.897,0.111,0.04,76.412,2.7204,3,7
Sharon Van Etten,Comeback Kid,51.0,0.543,0.927,,-5.209,1,0.0755,0.000342,0.543,0.0327,0.354,120.097,182333.0,4,10
beabadoobee,"Don‚Äôt You (Forget About Me) - live from Abbey Road Studios, London",41.0,0.644,0.891,2.0,-5.147,1,0.0526,0.00111,0.00798,0.118,0.504,110.007,239488.0,4,10
R.E.M.,Drive,62.0,0.467,0.432,7.0,-11.753,1,0.0283,0.175,0.001,0.226,0.238,142.642,271333.0,4,10
FCG Heem,Shinin,44.0,0.514,0.387,6.0,-11.51,0,0.409,0.0753,,0.0485,0.461,84.112,186812.0,4,5
The Beatles,She's Leaving Home - Remastered,,0.381,0.214,4.0,-11.629,1,0.0337,0.944,,0.106,0.393,127.581,3.586,3,0
Tom The Mail Man,Taking Over,60.0,0.762,0.516,5.0,-8.016,0,0.0969,0.0288,,0.0966,0.721,156.97,158000.0,4,5
ANSON,Ghost,28.0,0.357,0.943,4.0,-6.168,0,0.101,0.000547,,0.145,0.482,147.217,209682.0,4,10
Jimmy Eat World,All The Way (Stay),38.0,0.576,0.931,7.0,-2.491,1,0.0563,0.00085,,0.143,0.735,133.986,245747.0,4,10
dempsey hope,picture perfect,3.0,0.61,0.482,5.0,-9.137,1,0.137,0.299,,0.0527,0.869,73.628,147013.0,4,9
Howie Lee,Birdy Island,24.0,0.491,0.504,4.0,-13.581,0,0.0566,0.625,0.794,0.222,0.145,159.911,258771.0,4,6
Pit Pony,Dutch Courage,25.0,0.117,0.916,1.0,-3.281,1,0.0723,1.39e-05,0.0992,0.219,0.423,151.886,270205.0,4,1
Niko B,Who's That What's That,63.0,0.86,0.668,7.0,-8.512,1,0.221,0.423,1.85e-06,0.096,0.237,128.096,240000.0,4,9
Ruthi Navon,◊ó◊©◊û◊ú ◊ë◊õ◊§◊ï◊™ ◊ô◊ì◊ô◊ö,22.0,0.766,0.526,10.0,-11.819,1,0.0392,0.784,0.000214,0.0879,0.934,141.631,238000.0,4,10
Dan + Shay,Good Things,71.0,0.529,0.621,11.0,-6.018,1,0.0296,0.13,,0.173,0.617,97.189,2.48178333,4,9
Gossip,Standing In the Way of Control,55.0,0.697,0.919,7.0,-6.174,1,0.029,0.00694,0.0621,0.203,0.943,118.341,256400.0,4,6
Gone Is Gone,Breaks,28.0,0.407,0.932,11.0,-6.252,1,0.113,0.00363,0.346,0.229,0.173,102.954,235214.0,4,8
Violent Soho,Covered in Chrome,55.0,0.564,0.753,5.0,-5.223,1,0.0433,0.00512,2.43e-06,0.167,0.414,152.064,212547.0,4,10
Mr. Oizo,Positif,44.0,0.744,0.928,10.0,-5.628,0,0.0495,0.000409,0.624,0.132,0.507,123.014,171120.0,4,6
Cage The Elephant,Skin and Bones,65.0,0.539,0.788,9.0,-3.227,0,0.0396,0.0089,,0.29,0.357,159.986,196173.0,4,10
Carusella,Star Quality,11.0,0.431,0.967,1.0,-4.555,1,0.114,0.00159,0.0064,0.142,0.179,146.623,269440.0,4,6
Faith No More,Falling to Pieces,,0.545,0.919,2.0,-7.679,1,0.0483,0.00269,0.00512,0.0978,0.386,104.364,313573.0,4,10
FLO,D's,66.0,0.266,0.294,7.0,-11.938,0,0.0291,0.771,0.697,0.107,0.0397,137.941,811077.0,3,9
Pathiena,The Deepest Of Sorrow,40.0,0.645,0.329,2.0,-16.642,1,0.0419,0.239,0.892,0.375,0.184,128.099,3.545833333,4,0
The Offspring,Coming for You,59.0,0.508,0.912,,-1.798,1,0.0827,9.75e-05,1.25e-06,0.0669,0.533,139.381,228587.0,4,10
Pain of Salvation,Meaningless,42.0,0.579,0.661,7.0,-4.011,1,0.0422,0.0675,0.000373,0.303,0.374,144.909,287467.0,3,10
Lenny Kravitz,Stand By My Woman,,0.521,0.527,2.0,-6.371,1,0.0296,0.0931,0.0244,0.106,0.273,122.271,259627.0,4,10
Black Sabbath,Paranoid,16.0,0.426,0.619,4.0,-11.501,0,0.0722,8.44e-05,0.00239,0.17,0.382,162.721,2.80733333,4,10
The Dark Element,Songs the Night Sings,47.0,0.449,0.854,3.0,-8.261,1,0.0431,4.62e-05,0.016,0.246,0.408,152.142,309827.0,4,8
Henry Gray,Let's Get High,19.0,0.698,0.609,,-6.993,1,0.0485,0.743,,0.188,0.665,131.057,232413.0,4,2
Eyal Golan,◊ò◊¢◊ô◊™◊ô,38.0,0.54,0.425,5.0,-9.577,0,0.0518,0.428,,0.218,0.239,88.047,220543.0,4,9
Noah Kahan,Young Blood - Acoustic,59.0,0.691,0.231,11.0,-10.512,1,0.0471,0.815,,0.103,0.298,85.153,3.34355,4,0
The First Edition,Just Dropped In (To See What Condition My Condition Was In),57.0,0.58,0.551,9.0,-9.898,0,0.0582,0.181,0.00719,0.15,0.516,115.896,201213.0,4,10
Alka Yagnik,Aaye Ho Meri Zindagi Mein - Female Version,42.0,0.565,0.754,8.0,-11.636,0,0.0344,0.678,0.0442,0.0756,0.922,135.01,6.05555,3,3
Bryan Adams,I Think About You,43.0,0.616,0.551,7.0,-7.27,1,0.0249,0.155,,0.099,0.618,75.027,216373.0,4,10
The Shins,Simple Song,62.0,0.546,0.878,7.0,-5.137,1,0.0525,0.0133,,0.135,0.35,119.945,255400.0,4,1
benny blanco,Care (with Omar Apollo),50.0,0.618,0.215,2.0,-12.8,1,0.04,0.759,0.00962,0.109,0.214,90.004,290466.0,4,1
The 1975,She's American,57.0,0.639,0.859,1.0,-3.923,1,0.0554,0.18,0.000499,0.0798,0.523,115.97,270104.0,4,10
Winger,Seventeen,60.0,0.577,0.676,8.0,-11.931,1,0.0295,0.000895,2.29e-06,0.0625,0.676,95.98,245267.0,4,8
Townes Van Zandt,Waitin' Around To Die,52.0,0.551,0.233,6.0,-18.251,0,0.0312,0.71,0.000949,0.11,0.659,89.574,165187.0,4,6
Piers Faccini,Bring Down The Wall,28.0,0.454,0.387,2.0,-10.159,0,0.0417,0.406,0.00099,0.0783,0.686,97.995,205533.0,4,10
Athletic Progression,Stepney Tale,37.0,0.632,0.8,5.0,-7.227,0,0.234,0.547,,0.147,0.496,92.757,209833.0,4,5
Thirty Seconds To Mars,Dangerous Night,56.0,0.295,0.715,2.0,-6.533,1,0.0709,0.00212,1.55e-06,0.242,0.242,86.937,199773.0,4,10
Pete Rock & C.L. Smooth,Straighten It Out,50.0,0.77,0.656,10.0,-11.169,0,0.246,0.11,,0.0793,0.788,98.82,253413.0,4,5
Peter Case,Bumble Bee,45.0,0.717,0.245,7.0,-10.908,0,0.0493,0.665,0.000119,0.385,0.502,83.554,214933.0,4,2
Menahan Street Band,Queens Highway,50.0,0.778,0.399,1.0,-8.984,1,0.0858,0.0751,0.835,0.103,0.321,137.305,67720.0,4,1
Butcher Babies,Sleeping with the Enemy,48.0,0.438,0.951,7.0,-5.192,0,0.0736,4.63e-05,0.233,0.351,0.461,165.088,212927.0,4,8
MICROCORPS,DOR,10.0,0.451,0.776,3.0,-11.756,0,0.0587,0.0518,0.703,0.11,0.609,177.953,331304.0,4,6
Sarah Palu,Ikivirta,38.0,0.617,0.375,5.0,-11.889,0,0.0319,0.742,0.513,0.109,0.117,151.983,387547.0,4,1
Saltatio Mortis,Kaufmann und Maid,54.0,0.565,0.768,2.0,-5.332,0,0.0382,0.0277,,0.0725,0.58,124.006,223907.0,4,8
JADHU,Fling,32.0,0.62,0.835,9.0,-6.711,0,0.0319,0.273,0.00339,0.113,0.699,99.022,225072.0,4,9
Bring Me The Horizon,Parasite Eve,69.0,0.589,0.797,9.0,-5.464,1,0.15,0.0289,4.35e-06,0.383,0.232,102.489,291813.0,4,10
Frost*,Day and Age - Edit,38.0,0.443,0.858,8.0,-6.935,1,0.0378,0.000843,0.00243,0.18,0.34,169.951,301533.0,4,8
Toto Espinoza,Frida Kahlo,41.0,0.605,0.162,4.0,-12.932,0,0.0353,0.98,0.899,0.104,0.126,95.576,5.735216667,3,7
T-Bone Walker,Evil Hearted Woman - Alternate Take,30.0,0.624,0.26,1.0,-11.64,1,0.0621,0.904,0.0263,0.0825,0.551,51.0,156933.0,4,2
K. J. Yesudas,Do Din Ki Jawani - Adalat / Soundtrack Version,7.0,0.513,0.658,6.0,-7.185,0,0.0622,0.512,,0.21,0.698,145.896,3.181333333,4,3
Jimi Hendrix,Purple Haze,71.0,0.533,0.905,2.0,-5.27,1,0.0754,0.00876,0.578,0.0698,0.486,108.9,2.84688333,4,10
Eskiz,Aborjinin T√ºrk√ºs√º,21.0,0.588,0.747,7.0,-6.064,1,0.0498,0.116,7.2e-05,0.244,0.263,138.067,249000.0,4,10
Lowest Creature,Reapers Fool,23.0,0.487,0.975,11.0,-4.974,1,0.105,7.47e-05,0.0183,0.201,0.526,139.964,202019.0,4,8
Tomer Yeshayahu,◊ë◊ú◊ô ◊ú◊¢◊ñ◊ï◊ë,30.0,0.621,0.375,5.0,-11.8,1,0.0297,0.701,1.2e-06,0.122,0.508,132.611,219625.0,4,9
Neon Trees,Animal,66.0,0.482,0.829,5.0,-5.576,1,0.0437,0.00034,,0.378,0.739,147.99,212307.0,4,10
JJ Lin,Bedroom (feat. Anne-Marie),69.0,0.369,0.424,7.0,-5.431,1,0.0318,0.64,,0.184,0.181,179.597,203991.0,4,9
Foreign Air,Monsters,50.0,0.552,0.673,9.0,-4.9,0,0.0298,0.00553,,0.114,0.174,89.993,224053.0,4,6
S. P. Balasubrahmanyam,Mere Rang Mein Rangne Wali,34.0,0.548,0.347,7.0,-14.7,0,0.0362,0.771,0.00175,0.124,0.498,117.75,6.90355,4,3
Scary Kids Scaring Kids,Holding On,49.0,0.421,0.935,8.0,-5.153,0,0.0697,0.000442,0.000212,0.1,0.455,165.02,261240.0,4,10
Lawrence of Arcadia,David Keenan,30.0,0.524,0.336,2.0,-8.034,1,0.0415,0.841,0.00118,0.111,0.458,110.964,4.757883333,5,0
Nirvana,In Bloom,65.0,0.436,0.876,10.0,-4.902,0,0.0647,3.33e-05,0.000104,0.205,0.512,157.044,255080.0,4,1
Berry Sakharof,77' - Acoustic Live,17.0,0.5,0.47,,-7.996,1,0.0345,0.642,0.0511,0.276,0.346,158.809,268400.0,4,10
Breezie 311,Shots In The Dark,32.0,0.705,0.756,9.0,-5.274,0,0.0415,0.00477,,0.0892,0.846,129.98,141875.0,4,10
Ghali,Combo (feat. Mr Eazi),41.0,0.825,0.781,9.0,-4.732,0,0.107,0.0833,3.55e-05,0.26,0.812,100.013,176012.0,4,9
Gwar,Sick of You,48.0,0.657,0.535,1.0,-9.715,1,0.047,0.000329,0.000492,0.318,0.738,132.257,188830.0,4,8
Downset,Empower,42.0,0.58,0.93,1.0,-5.719,1,0.12,0.0128,,0.102,0.534,97.917,144267.0,4,8
Blue Material,Blue Blood,37.0,0.621,0.602,9.0,-7.796,0,0.0279,0.000316,0.853,0.134,0.609,116.011,230152.0,4,6
Sempra,B Mine?,19.0,0.754,0.92,3.0,-4.484,0,0.05,0.183,0.689,0.187,0.966,147.998,266133.0,4,1
Malcolm McLaren,Buffalo Gals,41.0,0.881,0.636,4.0,-13.617,0,0.156,0.0257,0.000257,0.207,0.616,108.863,259427.0,4,5
Arcade Fire,Ready to Start,58.0,0.282,0.932,9.0,-4.701,1,0.0387,0.12,0.0335,0.0692,0.536,190.08,255893.0,4,10
Bad Nerves,Dreaming,32.0,0.449,0.958,6.0,-6.602,0,0.123,5.33e-06,0.000116,0.148,0.389,107.458,129373.0,4,6
3 Doors Down,Your Arms Feel Like home,37.0,0.548,0.709,9.0,-6.557,0,0.0273,0.00678,3.82e-06,0.104,0.191,119.998,224213.0,4,10
ARXX,Deep,33.0,0.65,0.6,9.0,-10.615,0,0.04,0.0278,0.00121,0.811,0.795,110.016,180203.0,4,10
Crown Lands,Howlin' Back Again,39.0,0.494,0.969,6.0,-2.694,1,0.222,0.172,0.00158,0.148,0.165,121.214,169808.0,4,10
The Undercover Dream Lovers,Get to You,42.0,0.761,0.707,5.0,-6.208,0,0.0356,0.68,0.421,0.0969,0.893,113.976,208421.0,4,6
A Scent Like Wolves,Telephone,39.0,0.553,0.939,3.0,-4.04,0,0.0795,0.000833,0.000181,0.404,0.369,124.984,198840.0,4,8
Idan Rafael Haviv,◊©◊ú◊û◊ô◊ù,55.0,0.417,0.355,,-12.372,1,0.0599,0.847,4.18e-05,0.113,0.0914,86.078,221025.0,4,9
Otis Junior,When It's Sweet,30.0,0.824,0.489,9.0,-5.669,0,0.0692,0.302,,0.0887,0.771,86.815,160250.0,4,1
Madhav Gopi Nair,Mukti,17.0,0.349,0.336,4.0,-11.111,1,0.0292,0.723,0.913,0.154,0.062,112.966,111765.0,5,6
The Sequence,Funk You Up - 12'' Version,24.0,0.921,0.768,,-5.735,1,0.311,0.507,0.000738,0.053,0.775,103.713,652320.0,4,5
Advaita,Ghir Ghir,33.0,0.601,0.728,4.0,-10.469,1,0.0436,0.378,0.726,0.368,0.862,137.99,5.09355,3,0
John Campbell,Devil in My Closet,30.0,0.353,0.495,8.0,-11.503,1,0.0344,0.000119,0.0119,0.13,0.567,81.018,360600.0,4,2
Dan + Shay,Glad You Exist,79.0,0.748,0.551,11.0,-6.12,1,0.0349,0.235,,0.119,0.66,103.953,2.408883333,4,4
Gymshorts,Gotta Get Away,23.0,0.15,0.843,9.0,-8.369,1,0.0439,0.000127,0.502,0.665,0.729,180.034,145932.0,4,1
Liz Phair,Fuck and Run,47.0,0.774,0.64,2.0,-7.949,1,0.0333,0.743,0.0316,0.088,0.947,136.226,187933.0,4,1
Stephen Taranto,Pixel Heart: Verdant,28.0,0.373,0.964,11.0,-7.925,0,0.0798,0.000152,0.791,0.109,0.207,83.958,312363.0,4,8
Deep Purple,Gettin' Tighter,43.0,0.42,0.831,7.0,-9.069,1,0.0754,0.00028,0.0711,0.153,0.752,120.867,218173.0,4,10
Loyle Carner,Yesterday,60.0,0.428,0.98,11.0,-2.975,0,0.443,0.0734,,0.127,0.423,92.035,168654.0,4,5
Nickelback,Rockstar,70.0,0.616,0.91,,-3.004,1,0.0386,0.0459,,0.343,0.693,144.072,252040.0,4,10
Post Malone,Motley Crew,90.0,0.797,0.631,3.0,-3.818,0,0.0786,0.0904,3.71e-06,0.0998,0.288,129.915,3.07021667,4,9
Yehudit Ravitz,◊®◊ó◊ë◊™ ◊î◊®◊ô◊ß◊ï◊ì◊ô◊ù,20.0,0.418,0.761,9.0,-8.285,1,0.0557,0.295,1.37e-06,0.36,0.467,152.472,298693.0,4,10
Olivia Rodrigo,good 4 u,99.0,0.563,0.664,9.0,-5.044,1,0.154,0.335,,0.0849,0.688,166.928,2.96911667,4,9
Rema,Bounce,59.0,0.463,0.847,11.0,-6.776,0,0.0511,0.0307,,0.117,0.625,114.962,187783.0,4,9
Charlie Puth,Cheating on You,75.0,0.749,0.535,4.0,-6.785,1,0.0336,0.0131,3.65e-05,0.0982,0.601,123.042,196607.0,4,9
Ravid Plotnik,◊†◊¢◊†◊¢,46.0,0.709,0.337,7.0,-13.14,1,0.106,0.447,0.000162,0.846,0.387,68.0,320333.0,4,5
Ulver,Little Boy,33.0,0.283,0.41,4.0,-14.35,1,0.0423,0.00106,0.287,0.109,0.0612,91.127,323430.0,4,10
Alien Ant Farm,Smooth Criminal,75.0,0.653,0.964,9.0,-4.261,0,0.0582,0.00316,0.00512,0.144,0.87,126.928,209267.0,4,9
Live,Selling The Drama,57.0,0.45,0.914,6.0,-6.741,1,0.0647,0.0106,8.18e-05,0.101,0.336,124.42,208293.0,4,10
Something Corporate,Punk Rock Princess,51.0,0.522,0.881,7.0,-5.231,1,0.0847,0.00303,0.000147,0.0939,0.369,130.084,232200.0,4,10
Buzzcocks,Ever Fallen in Love (With Someone You Shouldn't've)?,64.0,0.266,0.831,4.0,-9.07,1,0.0453,0.000862,,0.0555,0.778,175.514,163693.0,4,10
Enamour,Dragonfly,32.0,0.754,0.795,7.0,-9.793,0,0.0384,0.0186,0.906,0.0852,0.21,122.007,259606.0,4,9
mehro,chance with you,52.0,0.562,0.494,4.0,-8.13,0,0.0278,0.864,0.0259,0.153,0.383,144.104,215516.0,4,9
Christian L√∂ffler,Pastoral,55.0,0.163,0.191,10.0,-20.924,1,0.0365,0.937,0.959,0.0961,0.0335,105.104,220630.0,3,1
Mark Ronson,Uptown Funk (feat. Bruno Mars) - Radio Edit,48.0,0.823,0.66,,-4.698,1,0.103,0.00681,2.7e-05,0.269,0.956,114.489,228493.0,4,9
Rosie Flores,Simple Case of the Blues,38.0,0.65,0.63,11.0,-6.787,0,0.04,0.278,8.55e-05,0.119,0.74,107.69,218747.0,4,2
Ayron Jones,Take Me Away,57.0,0.475,0.844,1.0,-4.448,0,0.0622,0.00012,0.111,0.221,0.554,156.136,246933.0,4,10
Dream Drop,Reckless Demon Youth,35.0,0.375,0.927,6.0,-5.385,0,0.123,0.000111,8.99e-06,0.193,0.414,183.998,183040.0,4,8
Langston Hughes,I Have Known Rivers,10.0,0.713,0.146,3.0,-14.163,1,0.54,0.784,,0.212,0.474,89.267,66490.0,5,5
Abby Wolfe,Take It Slow,40.0,0.676,0.537,10.0,-7.974,1,0.0333,0.51,,0.0898,0.388,88.001,181569.0,4,9
Eagles,Life in the Fast Lane - 2013 Remaster,72.0,0.667,0.755,9.0,-7.246,1,0.069,0.0966,6.94e-05,0.0523,0.883,109.535,4.77033333,4,10
Die Apokalyptischen Reiter,Tiki,34.0,0.408,0.943,,-5.247,1,0.129,0.0058,0.642,0.343,0.16,98.089,152252.0,4,8
Icon of Sin,Virtual Empire,33.0,0.494,0.958,4.0,-7.765,0,0.0511,0.0361,0.000226,0.387,0.313,145.055,352943.0,4,8
Spirit Adrift,Supernaut,32.0,0.425,0.925,7.0,-6.246,1,0.105,2.22e-05,0.0723,0.0973,0.313,118.066,282978.0,4,8
Shlomo Artzi,◊ú◊î◊¶◊ô◊ú ◊ê◊ï◊™◊ö,29.0,0.605,0.772,1.0,-6.679,0,0.0262,0.298,1.96e-05,0.131,0.836,129.99,280360.0,4,10
Eric B. & Rakim,Microphone Fiend,48.0,0.586,0.795,11.0,-8.71,1,0.258,0.354,,0.187,0.694,94.101,314600.0,4,5
"Kayla Nicole, Taylor Girlz",Bundles (feat. Taylor Girlz),78.0,0.939,0.682,11.0,-5.931,1,0.306,0.00152,,0.0552,0.584,130.022,2.5801,4,9
The Rapture,How Deep Is Your Love?,52.0,0.472,0.826,9.0,-3.938,0,0.0594,0.000617,0.000713,0.187,0.132,122.326,385920.0,4,10
A Day To Remember,All I Want,64.0,0.349,0.981,2.0,-3.228,0,0.141,2.58e-05,,0.343,0.207,160.042,202640.0,4,10
Morgan Evans,Love Is Real,58.0,0.645,0.732,3.0,-5.089,1,0.0453,0.00853,2.62e-05,0.198,0.708,95.02,2.716216667,4,4
Habalyanim,◊©◊ï◊ë◊ô◊†◊ô◊°◊ò,15.0,0.522,0.769,10.0,-5.841,0,0.191,0.104,0.000114,0.0643,0.793,189.803,240307.0,4,10
Wilco,Random Name Generator,39.0,0.621,0.962,2.0,-6.469,1,0.0454,0.282,0.126,0.132,0.653,143.99,229489.0,4,6
DOECHII,Yucky Blucky Fruitcake,71.0,0.597,0.617,8.0,-7.482,0,0.282,0.463,,0.66,0.889,97.923,4.592,4,9
Gabi Shoshan,◊ô◊ú◊ì◊î ◊ß◊ò◊†◊î,27.0,0.688,0.544,7.0,-11.393,0,0.037,0.576,0.000231,0.0894,0.633,135.231,240693.0,4,10
Brothers Osborne,I Don't Remember Me (Before You),61.0,0.614,0.614,4.0,-7.497,0,0.0314,0.104,3.59e-05,0.104,0.598,146.03,3.211333333,4,4
Zero 9:36,Come Thru,51.0,0.613,0.86,4.0,-4.065,1,0.0425,0.0247,,0.438,0.638,93.042,177227.0,4,10
Róisín O,Lose You to Love Me,47.0,0.349,0.0929,6.0,-15.315,1,0.0529,0.944,,0.0864,0.293,176.177,3.96591667,3,0
DIIV,Skin Game,43.0,0.484,0.754,6.0,-6.326,0,0.0383,0.00011,0.806,0.123,0.399,124.971,265467.0,4,10
The Swellers,The Best I Ever Had,49.0,0.359,0.983,2.0,-3.69,0,0.0864,9.09e-05,3.54e-05,0.335,0.486,193.042,239560.0,4,10
Stalos & Oren Chen,◊ñ◊î ◊ú◊ê ◊¢◊ï◊©◊î ◊ú◊ô ◊õ◊ú◊ï◊ù,25.0,0.681,0.929,8.0,-4.071,1,0.0324,0.214,,0.0375,0.793,109.982,229933.0,4,9
Emery,Walls,46.0,0.274,0.915,1.0,-5.259,0,0.167,0.0139,7.37e-05,0.161,0.419,169.161,203707.0,4,10
Lionel Richie,Stuck On You - Live,22.0,0.439,0.682,4.0,-9.044,1,0.042,0.113,1.1e-05,0.973,0.345,142.113,4.33955,4,9
Oren Barzilay,◊®◊ß ◊ê◊ï◊™◊ö,17.0,0.636,0.616,7.0,-9.267,1,0.0589,0.0521,5.14e-05,0.192,0.48,82.99,207030.0,4,10
Foo Fighters,All My Life,73.0,0.577,0.604,5.0,-5.703,1,0.0495,0.000218,0.000579,0.477,0.637,167.719,263440.0,4,10
Gucci Mane,Jumped Out the Whip (feat. A$AP Rocky),43.0,0.811,0.46,2.0,-5.924,1,0.351,0.0694,,0.13,0.4,141.937,216373.0,4,5
"Luiz Bonfá, Panos Megarchiotis",Passeio No Rio - Arranged by Carlos Barbosa-Lima,40.0,0.571,0.158,2.0,-16.835,1,0.0779,0.964,0.919,0.108,0.308,114.315,3.068233333,4,7
Concha Piquer,Ojos verdes,35.0,0.658,0.12,,-9.397,0,0.136,0.983,,0.101,0.278,104.208,198213.0,3,9
Supergrass,"Tales of Endurance, Pt. 4, 5 & 6",53.0,0.282,0.648,9.0,-7.604,0,0.0291,0.012,0.401,0.216,0.117,91.536,331427.0,4,1
The New Respects,Trouble,43.0,0.516,0.7,2.0,-5.621,1,0.0631,0.0182,,0.689,0.343,147.914,203187.0,4,10
Hadag Nahash,◊®◊°◊ô◊°◊ô◊ù ◊¢◊ú ◊î◊ó◊ï◊£,27.0,0.631,0.547,4.0,-8.488,0,0.119,0.35,2.7e-05,0.113,0.719,164.988,204030.0,4,9
Julia Jacklin,Pressure To Party,48.0,0.471,0.811,4.0,-3.956,1,0.0389,0.000125,4.08e-05,0.117,0.37,141.967,182307.0,4,6
Little G Weevil,Apple Picker (Acoustic),37.0,0.692,0.102,,-11.721,1,0.061,0.818,0.00328,0.337,0.475,114.136,336863.0,4,2
Lazy Queen,Self-care 101,17.0,0.415,0.774,1.0,-6.445,1,0.041,0.00403,,0.205,0.466,87.415,320522.0,4,10
No Somos Marineros,Los Bajos Fondos,33.0,0.483,0.603,4.0,-9.907,1,0.0386,0.348,0.878,0.0911,0.0907,179.392,173107.0,3,10
Ghost Town Blues Band,Tip of My Hat (Live),33.0,0.799,0.73,,-6.648,1,0.0414,0.29,9.74e-05,0.975,0.898,120.336,268650.0,4,2
"Keethan, Pavitra Krishnan, Shravan Sridhar",Seher,34.0,0.315,0.565,11.0,-8.667,1,0.0369,0.65,0.671,0.107,0.0617,99.49,3.48,4,0
Amaranthe,Archangel,60.0,0.407,0.967,,-7.104,1,0.0666,0.000316,0.00142,0.089,0.227,180.027,203373.0,4,8
Acollective,Happiest of All Memorial Days,37.0,0.412,0.51,6.0,-8.276,0,0.0298,0.348,0.57,0.0787,0.23,147.904,281093.0,4,6
No Memories of Tomorrow,Graeme James,8.0,0.579,0.304,2.0,-14.271,0,0.0301,0.751,0.0612,0.129,0.479,129.867,4.34655,4,0
The All-American Rejects,"Swing, Swing",68.0,0.553,0.717,7.0,-5.857,1,0.0318,6.48e-05,0.128,0.0385,0.318,127.947,233267.0,4,9
Nattali Rize,Indestructible,41.0,0.845,0.681,6.0,-4.693,0,0.111,0.265,,0.0519,0.654,86.001,183694.0,4,10
Apoorva Krishna,Tinky Winky,13.0,0.293,0.877,7.0,-4.172,1,0.0486,0.0849,0.392,0.0787,0.87,171.47,317784.0,4,6
Ronnie Robinson Trio,Pent-Up House,38.0,0.674,0.335,7.0,-13.903,1,0.0444,0.885,0.914,0.101,0.662,168.741,2.303233333,3,7
Peled,◊ê◊ú◊§◊ô◊ù,41.0,0.706,0.679,7.0,-5.392,0,0.0803,0.543,,0.371,0.5,113.038,195699.0,4,5
Tay Money,Asthma Pump (with Flo Milli),65.0,0.908,0.663,1.0,-4.032,1,0.359,0.0163,,0.287,0.399,119.983,178973.0,4,5
Allegaeon,Concerto in Dm,35.0,0.556,0.969,2.0,-3.778,1,0.0402,0.000119,0.829,0.378,0.325,103.994,441035.0,4,8
Quami,Squeeze Me,17.0,0.694,0.907,9.0,-3.854,1,0.0458,0.0765,6.2e-05,0.13,0.573,114.98,290600.0,4,5
Oasis,Whatever,56.0,0.247,0.913,7.0,-2.437,1,0.0388,0.0418,0.00839,0.257,0.34,91.157,382267.0,4,6
Ghost Iris,Coda,43.0,0.489,0.994,1.0,-2.236,0,0.113,2.05e-05,0.00683,0.333,0.218,90.015,243000.0,4,8
Slowdive,Alison,60.0,0.276,0.449,4.0,-11.428,1,0.0375,0.00782,0.783,0.108,0.278,101.687,230987.0,4,6
Billie Eilish,I Didn't Change My Number,77.0,0.849,0.48,9.0,-5.835,1,0.226,0.612,0.269,0.295,0.677,142.021,2.64105,4,9
Garbage,Wolves - Edit,18.0,0.484,0.956,5.0,-6.388,0,0.0357,2.59e-05,0.705,0.257,0.643,145.004,219541.0,4,10
Britney Spears,Liar,40.0,0.59,0.776,6.0,-5.272,0,0.0705,0.00705,1.69e-05,0.414,0.81,159.946,3.276883333,4,9
Ruff Sqwad,Functions On the Low,37.0,0.737,0.649,8.0,-7.709,0,0.142,0.816,0.147,0.201,0.579,139.961,282067.0,4,5
Shlomo Artzi,◊©◊ô◊†◊ï◊ô◊ô ◊û◊ñ◊í ◊î◊ê◊ï◊ï◊ô◊®,32.0,0.543,0.606,6.0,-10.46,0,0.0361,0.312,,0.374,0.833,86.537,340680.0,4,10
Manal,Casa Con Diez Pinos,34.0,0.528,0.563,2.0,-6.975,1,0.041,0.706,0.0155,0.149,0.652,168.403,254467.0,3,2
The Black Keys,Little Black Submarines,67.0,0.365,0.466,2.0,-7.514,1,0.0418,0.161,6.68e-06,0.106,0.487,95.163,251267.0,4,10
Noah Cyrus,July,83.0,0.708,0.186,9.0,-8.953,0,0.042,0.868,,0.0779,0.322,72.541,156106.0,4,9
Tomberlin,Wasted,55.0,0.765,0.563,4.0,-9.765,1,0.0397,0.422,0.122,0.142,0.703,93.073,149423.0,4,6
The Yardbirds,Over Under Sideways Down - The Mono Album,46.0,0.529,0.861,11.0,-10.581,1,0.0784,0.292,0.225,0.314,0.387,96.52,142507.0,4,6
Wolfmother,Woman,60.0,0.191,0.948,9.0,-3.496,0,0.217,2.78e-05,0.0864,0.0945,0.215,150.753,175667.0,4,10
Led Zeppelin,No Quarter - Remaster,56.0,0.339,0.34,11.0,-14.377,1,0.0385,0.657,0.459,0.375,0.117,142.362,419133.0,4,10
Hollow Front,Falling Apart,48.0,0.534,0.979,9.0,-3.645,0,0.0987,0.00292,,0.256,0.236,119.993,244000.0,4,10
San Holo,"you‚Äôve changed, i‚Äôve changed",,0.416,0.623,5.0,-7.898,1,0.045,0.121,0.00225,0.27,0.194,130.175,311625.0,4,6
The Beatles,I Want To Hold Your Hand - Remastered 2015,72.0,0.49,0.715,7.0,-5.549,1,0.0476,0.386,,0.311,0.866,130.726,145747.0,4,10
Beloved,Only Our Faces Hide,30.0,0.361,0.954,2.0,-4.097,1,0.0575,2e-05,0.223,0.309,0.176,172.944,232853.0,4,10
The Cult,She Sells Sanctuary,69.0,0.55,0.765,7.0,-8.684,1,0.0287,4.76e-06,0.873,0.132,0.419,139.46,252533.0,4,10
Carach Angren,Franckensteina Strataemontanus,39.0,0.57,0.916,8.0,-6.899,1,0.043,0.00439,0.138,0.135,0.359,100.041,183008.0,4,8
Damien,To The Moon,49.0,0.375,0.0412,,-21.749,1,0.0444,0.995,0.96,0.107,0.127,100.74,171000.0,4,5
Fleshkiller,Parallel Kingdom,20.0,0.45,0.977,1.0,-4.172,1,0.122,4.26e-06,0.532,0.414,0.256,130.009,266222.0,3,8
Robert Counts,What Do I Know (feat. HARDY),52.0,0.533,0.589,,-6.14,1,0.0299,0.0405,,0.111,0.351,140.049,208418.0,4,10
Edgar Winter's White Trash,Keep Playin' That Rock 'n' Roll,16.0,0.695,0.864,9.0,-9.509,1,0.0344,0.0935,,0.222,0.962,129.613,224707.0,4,2
Drake,What‚Äôs Next,87.0,0.781,0.594,,-6.959,0,0.0485,0.0136,,0.162,0.0628,129.895,178154.0,4,5
Julia Kent,Carapace,31.0,0.479,0.325,4.0,-14.01,0,0.0333,0.161,0.752,0.104,0.222,132.046,211216.0,4,1
Michael Chapman,The Man Who Hated Mornings,33.0,0.551,0.58,,-8.581,1,0.0363,0.493,0.0559,0.213,0.473,63.321,247224.0,4,2
"Arthur ""Big Boy"" Crudup",My Mama Don't Allow Me,30.0,0.621,0.118,2.0,-14.222,1,0.0393,0.993,0.000878,0.12,0.474,93.082,190041.0,4,2
Big Brother & The Holding Company,Piece of My Heart,69.0,0.443,0.727,4.0,-7.951,1,0.145,0.263,0.000141,0.169,0.566,160.82,253333.0,4,10
Timothy Kay Band,I'll Know,51.0,0.445,0.159,,-14.159,1,0.0419,0.924,0.865,0.113,0.155,68.868,5.01885,4,7
Cody Johnson,Sad Songs and Waltzes (with Willie Nelson),54.0,0.546,0.351,11.0,-8.279,1,0.0271,0.701,3.14e-06,0.0997,0.283,105.79,211867.0,3,1
Britney Spears,Just Like Me,,0.753,0.591,9.0,-7.091,0,0.045,0.0741,1.87e-05,0.108,0.563,101.941,2.742216667,4,9
The Weeknd,Save Your Tears,93.0,0.68,0.826,,-5.487,1,0.0309,0.0212,1.24e-05,0.543,0.644,118.051,215627.0,4,9
SOJA,Something To Believe In,35.0,0.812,0.645,,-5.044,1,0.0377,0.499,,0.0793,0.724,139.974,209824.0,4,10
Best Friends Club,Evil Containment Wave (Part II),20.0,0.814,0.569,9.0,-13.422,0,0.0796,0.554,0.821,0.132,0.514,120.005,250000.0,4,9
Van Halen,Hot For Teacher,69.0,0.552,0.947,2.0,-4.671,1,0.15,0.000652,0.00025,0.0637,0.465,127.631,282747.0,4,10
Johnny Adams,It Ain't The Same Thing,12.0,0.916,0.537,9.0,-9.303,0,0.0358,0.241,0.000685,0.0549,0.908,106.951,252907.0,4,2
Olivia Lunny,Sad To See You Happy,56.0,0.643,0.648,8.0,-5.734,1,0.0428,0.0139,,0.162,0.552,139.997,174921.0,4,9
Rand Aldo,Desert Parade,42.0,0.211,0.109,,-18.827,1,0.0371,0.882,0.937,0.0965,0.144,106.225,3.14015,4,7
Merle Haggard,It's Not Love (But It's Not Bad),35.0,0.659,0.281,7.0,-13.564,1,0.0268,0.189,,0.112,0.518,108.287,3.35645,4,4
"Blxst, Tyga, Ty Dolla $ign",Chosen (feat. Ty Dolla $ign),82.0,0.571,0.767,2.0,-5.16,1,0.287,0.336,,0.0809,0.605,93.421,2.69473333,4,9
MOSSS,Here If You Want (Pale Blue),54.0,0.761,0.6,7.0,-7.348,1,0.0765,0.269,0.864,0.108,0.557,96.015,199036.0,4,6
The Sounds,Painted By Numbers,47.0,0.475,0.807,3.0,-3.959,0,0.0332,0.0136,6.74e-05,0.109,0.731,145.179,200000.0,4,10
The Lumineers,Ho Hey,75.0,0.682,0.471,,-9.182,1,0.0301,0.765,,0.0908,0.421,79.907,163133.0,4,9
Charlotte Day Wilson,Take Care of You (feat. Syd),63.0,0.683,0.486,4.0,-9.726,0,0.11,0.822,0.0227,0.276,0.279,126.985,213071.0,4,6
Lower Than Atlantis,Had Enough,45.0,0.561,0.823,2.0,-4.851,1,0.097,0.0029,0.00017,0.492,0.525,93.504,200760.0,4,1
Jeris Johnson,One Night,54.0,0.625,0.778,1.0,-7.207,1,0.0642,0.00921,,0.103,0.961,160.039,163492.0,4,1
Andi,Over,65.0,0.522,0.531,10.0,-6.459,0,0.215,0.093,,0.43,0.149,94.225,153244.0,4,9
Elton John,"Rocket Man (I Think It's Going To Be A Long, Long Time)",80.0,0.601,0.532,10.0,-9.119,1,0.0286,0.432,6.25e-06,0.0925,0.341,136.571,4.69355,4,10
The Ben Webster Quintet,Makin' Whoopee,40.0,0.529,0.0582,8.0,-19.131,1,0.0617,0.883,0.125,0.116,0.357,93.486,4.53155,4,7
The Allergies,Get Yourself Some,30.0,0.731,0.647,5.0,-7.937,0,0.0355,0.00487,,0.34,0.879,108.017,180707.0,4,2
Kings of Leon,Echoing,58.0,0.293,0.778,,-5.581,1,0.034,0.0147,0.227,0.102,0.24,147.882,217347.0,4,10
Shubha Mudgal,Awakning Main Sutti,1.0,0.276,0.659,6.0,-6.642,0,0.0352,0.00219,4.4e-05,0.146,0.309,81.611,6.236083333,4,0
Galleons,Playing With Fire is Such a Clich√©,42.0,0.471,0.925,7.0,-4.633,1,0.0598,0.000254,2.65e-05,0.356,0.0768,100.012,303000.0,4,8
Zara Larsson,Morning,34.0,0.619,0.631,11.0,-6.018,1,0.104,0.131,1.18e-06,0.246,0.772,106.309,175305.0,4,9
A. K. Paul,Be Honest,38.0,0.806,0.197,,-12.945,1,0.207,0.252,2.35e-06,0.0835,0.337,124.005,237027.0,4,6
Marilyn Manson,Third Day Of A Seven Day Binge,49.0,0.607,0.938,,-3.072,1,0.0487,0.00228,0.000709,0.149,0.65,110.014,266702.0,4,8
Hadag Nahash,◊°◊¢!,40.0,0.83,0.819,1.0,-4.78,0,0.0686,0.00741,5.45e-06,0.134,0.846,113.002,228117.0,4,5
Tori Harper,After Dark,46.0,0.647,0.512,11.0,-8.479,1,0.0381,0.856,,0.134,0.0716,111.957,4.13833333,4,0
Saint Sister,Causing Trouble - Kormac Remix,50.0,0.306,0.54,5.0,-7.196,1,0.0414,0.625,0.00454,0.152,0.147,75.382,227707.0,4,1
ISLAND,Do You Remember The Times,28.0,0.572,0.949,9.0,-3.498,1,0.0362,0.14,7.44e-05,0.0705,0.607,138.013,224840.0,4,1
Don Henley,Sunset Grill,48.0,0.557,0.577,8.0,-12.175,1,0.027,0.0796,2.31e-05,0.0604,0.445,91.877,379000.0,4,10
"Mukesh, Lata Mangeshkar",Aa Ab Laut Chalen,23.0,0.293,0.567,9.0,-7.705,0,0.0394,0.872,0.00212,0.44,0.669,146.359,4.381783333,4,3
Ron Gallo,Kill the Medicine Man,32.0,0.41,0.823,9.0,-6.237,1,0.0655,0.0554,0.000215,0.154,0.284,90.471,153717.0,4,1
Thieves Like Us,Drugs in My Body,45.0,0.689,0.657,2.0,-10.419,0,0.0449,0.00843,0.459,0.15,0.802,116.872,216600.0,4,6
Dermot Kennedy,Shelter,,0.368,0.274,1.0,-14.878,1,0.0413,0.956,0.0112,0.0658,0.0459,84.549,4.5,4,0
"Car, the garden",A Kid From Bathroom,23.0,0.616,0.754,5.0,-3.887,0,0.0404,0.324,0.00049,0.0897,0.484,113.959,163875.0,4,10
Sense Field,Dreams,23.0,0.505,0.659,3.0,-12.146,1,0.0256,0.0321,0.00986,0.116,0.461,101.53,262600.0,1,10
Television,Venus,47.0,0.55,0.631,,-11.493,1,0.0385,0.000898,0.18,0.0503,0.908,114.553,229027.0,4,1
"Earth, Wind & Fire",September,80.0,0.697,0.832,9.0,-7.264,1,0.0298,0.168,0.00131,0.269,0.979,125.926,215093.0,4,10
The Foxies,Screws,38.0,0.576,0.829,,-4.323,0,0.0593,0.00265,0.00515,0.304,0.652,167.99,165323.0,4,10
AJ Tracey,Kukoƒç (feat. NAV),68.0,0.741,0.851,9.0,-6.03,0,0.0672,0.207,,0.296,0.84,141.987,195000.0,4,5
Type O Negative,Cinnamon Girl,45.0,0.484,0.913,1.0,-5.942,1,0.045,0.13,0.78,0.0992,0.465,99.052,248333.0,4,8
Avril Lavigne,Head Above Water,69.0,0.578,0.694,5.0,-5.351,1,0.0706,0.0112,,0.102,0.268,129.921,220850.0,4,9
Tempa T,Next Hype - Instrumental,19.0,0.869,0.761,8.0,-6.449,1,0.105,0.0016,0.829,0.0736,0.281,139.973,239640.0,4,5
Viscera,Lamb to the Slaughter,33.0,0.423,0.958,7.0,-5.251,0,0.188,2.46e-05,0.127,0.388,0.174,119.967,230500.0,4,8
Skating Polly,Hollywood Factory,30.0,0.605,0.722,11.0,-5.852,1,0.0517,0.47,0.000461,0.104,0.961,124.711,175053.0,4,1
"Samuel Lindon, Ensemble Cordes De La Mer",La Tour - Orchestral Version,44.0,0.179,0.059,2.0,-18.992,0,0.0387,0.985,0.951,0.101,0.0845,74.702,2.320266667,4,7
Black Pumas,Colors,66.0,0.546,0.696,4.0,-6.537,1,0.0335,0.0887,1.84e-05,0.195,0.596,89.882,246587.0,4,10
The Jesus and Mary Chain,April Skies,54.0,0.545,0.717,3.0,-6.869,1,0.036,0.00417,0.406,0.136,0.589,118.515,239621.0,4,10
Charlie Feathers,One Hand Loose,31.0,0.661,0.762,4.0,-9.581,1,0.038,0.792,3.38e-05,0.121,0.911,89.292,144480.0,4,10
Chicocurlyhead,Modelo,47.0,0.594,0.666,3.0,-5.237,0,0.211,0.565,,0.0891,0.507,81.75,160244.0,4,5
Westlife,If Your Heart's Not In It,,0.533,0.565,,-7.092,1,0.0249,0.399,,0.315,0.34,82.973,4.339333333,4,9
Rochelle Jordan,Something,34.0,0.778,0.703,1.0,-5.978,0,0.0391,0.0193,4.21e-05,0.069,0.493,126.015,239516.0,3,6
Nasty Cherry,Win,49.0,0.778,0.552,7.0,-5.987,1,0.0367,0.00661,0.000607,0.0815,0.499,115.032,164203.0,4,1
Psymon Spine,Milk,34.0,0.765,0.476,,-8.069,0,0.0969,0.213,0.0177,0.106,0.598,107.004,254461.0,4,6
Power Trip,Executioner's Tax (Swing of the Axe),54.0,0.484,0.991,8.0,-4.028,0,0.0676,0.000289,0.657,0.359,0.559,167.035,225245.0,4,8
Nothing,Blue Line Baby,36.0,0.248,0.687,2.0,-6.233,1,0.0393,0.00224,0.85,0.0639,0.17,164.622,270853.0,4,6
Alien Sex Fiend,I Walk The Line,36.0,0.564,0.804,2.0,-11.786,1,0.0733,0.0311,0.81,0.0463,0.397,123.716,291600.0,4,10
Lush,Sweetness and Light,45.0,0.46,0.878,4.0,-7.903,1,0.0514,0.326,0.813,0.0967,0.34,109.903,317093.0,4,6
DJ Khaled,"I DID IT (feat. Post Malone, Megan Thee Stallion, Lil Baby & DaBaby)",83.0,0.757,0.721,4.0,-2.906,0,0.0691,0.00196,,0.647,0.364,124.036,165366.0,4,9
Remi Wolf,Photo ID (with Dominic Fike),67.0,0.747,0.822,1.0,-5.15,1,0.0893,0.192,,0.288,0.862,115.937,207927.0,4,6
Data,Rapture,27.0,0.541,0.882,3.0,-3.929,0,0.219,0.158,,0.079,0.423,142.867,218373.0,4,1
Paladin,The River Dragon Has Come,28.0,0.485,0.975,6.0,-4.956,1,0.0692,3.07e-05,0.00077,0.0443,0.265,139.91,305052.0,4,8
Michael Kiwanuka,You Ain't The Problem,59.0,0.643,0.773,1.0,-7.998,1,0.0414,0.188,0.000412,0.0986,0.653,124.538,249333.0,4,9
Death Valley Girls,Street Justice,25.0,0.324,0.948,9.0,-4.609,1,0.0522,8.85e-06,0.561,0.165,0.342,90.542,160587.0,4,1
MONOEYES,„É™„Ç∂„Éº„Éâ„Éû„É≥,40.0,0.472,0.862,9.0,-4.835,1,0.0324,2.49e-05,6.08e-06,0.076,0.0956,94.984,247067.0,4,10
The Cult,She Sells Sanctuary,69.0,0.55,0.765,7.0,-8.684,1,0.0287,4.76e-06,0.873,0.132,0.419,139.46,252533.0,4,6
Tuna,◊û◊®◊§◊ß◊ô◊ù,42.0,0.542,0.812,6.0,-6.485,1,0.107,0.0798,,0.693,0.577,72.936,286470.0,4,5
Part-Time Friends,Paris en ao√ªt,37.0,0.709,0.554,,-9.802,1,0.0734,0.375,0.000796,0.108,0.631,138.117,210147.0,4,6
Concha Piquer,Tatuaje,35.0,0.46,0.223,2.0,-8.974,0,0.138,0.995,0.0957,0.253,0.306,78.306,188200.0,4,9
Arcade Fire,Wake Up,65.0,0.252,0.8,,-4.845,1,0.0368,0.12,0.0538,0.118,0.29,139.361,335333.0,4,1
Ana Alcaide,Elenion,40.0,0.701,0.204,4.0,-17.527,0,0.0406,0.964,0.835,0.0985,0.27,104.983,4.314666667,3,7
TDJ,Open Air,37.0,0.667,0.51,1.0,-10.133,1,0.0436,0.176,0.00283,0.0857,0.16,141.077,251555.0,4,1
Britney Spears,Don't Let Me Be the Last to Know,57.0,0.633,0.755,4.0,-6.566,1,0.0421,0.158,,0.273,0.729,138.96,3.848883333,4,9
Miri Mesika,◊ó◊ì◊©◊ï◊™ ◊ò◊ï◊ë◊ï◊™,15.0,0.437,0.469,2.0,-6.321,0,0.0293,0.73,,0.104,0.369,139.824,177493.0,3,9
Institute,Bulletproof Skin,44.0,0.327,0.852,6.0,-4.798,1,0.0613,0.00295,,0.12,0.222,180.075,265107.0,4,10
James Taylor,Fire and Rain - 2019 Remaster,73.0,0.597,0.271,5.0,-17.293,1,0.0394,0.766,0.0119,0.0933,0.338,76.271,203613.0,4,10
James Otto,Just Got Started Lovin' You,62.0,0.705,0.606,7.0,-7.047,1,0.0243,0.159,0.00149,0.242,0.876,98.001,3.910666667,4,4
elegant slims,Not Human,46.0,0.52,0.815,11.0,-4.758,0,0.0488,0.00172,1.92e-06,0.089,0.466,91.972,199387.0,4,10
Ms. Lauryn Hill,Lost Ones,61.0,0.832,0.749,2.0,-6.129,1,0.37,0.0998,3.74e-06,0.0837,0.65,94.899,333907.0,4,5
Goldfinger,Put The Knife Away,45.0,0.241,0.916,8.0,-3.9,1,0.168,0.000868,,0.031,0.67,186.797,177924.0,4,10
Dire Straits,Money For Nothing,42.0,0.666,0.667,2.0,-9.305,0,0.0371,0.043,0.0005,0.074,0.679,134.219,8.51555,4,10
Eyal Golan,◊û◊ê◊û◊ô,32.0,0.552,0.653,6.0,-4.52,0,0.0327,0.48,,0.11,0.473,140.046,302466.0,4,9
Bleachers,Chinatown (feat. Bruce Springsteen),64.0,0.442,0.689,4.0,-5.289,1,0.0251,0.00458,,0.11,0.208,89.001,247968.0,3,6
MAX RAD,Where Are We Now?,32.0,0.742,0.657,9.0,-10.579,0,0.105,0.0687,0.000613,0.274,0.656,107.479,197477.0,4,6
The Faint,The Geeks Were Right,37.0,0.737,0.668,5.0,-6.261,0,0.0323,0.00405,6.04e-05,0.385,0.961,131.009,176240.0,4,6
Kojaque,Town's Dead,45.0,0.529,0.746,8.0,-8.288,1,0.0649,0.0271,7.94e-06,0.158,0.184,83.978,186334.0,4,10
Limp Bizkit,Take A Look Around,72.0,0.425,0.852,11.0,-5.607,1,0.046,0.0175,0.306,0.0935,0.512,101.968,321040.0,4,10
Freddie King,Going Down,59.0,0.565,0.526,,-11.352,1,0.0365,0.0339,0.000119,0.11,0.637,167.936,204333.0,4,2
Nick Hakim,QADIR - Single Version,29.0,0.766,0.488,8.0,-6.402,0,0.0595,0.257,0.0132,0.155,0.582,142.035,241920.0,4,6
"Pritam, Arijit Singh","Hardum Humdum (From ""Ludo"")",50.0,0.59,0.821,2.0,-4.933,1,0.0444,0.346,8.38e-06,0.454,0.784,116.942,3.133333333,4,3
Omer Adam,◊û◊ë◊ô◊ò ◊û◊î◊¶◊ì,36.0,0.715,0.755,1.0,-5.213,0,0.0534,0.501,,0.0663,0.615,132.003,223760.0,4,9
Van Halen,Poundcake,39.0,0.487,0.948,4.0,-7.754,1,0.043,0.000662,0.102,0.0506,0.242,105.395,321707.0,4,8
The Who,Behind Blue Eyes,71.0,0.394,0.622,4.0,-8.258,0,0.0336,0.213,4.45e-05,0.0892,0.342,126.844,221427.0,4,10
Garmarna,Tv√• Systrar,39.0,0.516,0.655,,-9.428,0,0.0306,0.664,0.107,0.0891,0.19,120.028,352787.0,3,8
Caitlyn Smith,Cheap Date,54.0,0.587,0.299,2.0,-6.649,1,0.0327,0.853,2.11e-06,0.149,0.184,96.657,190067.0,3,9
Leroy Carr,Papa's on the House Top,29.0,0.683,0.285,3.0,-12.101,1,0.0366,0.994,0.603,0.122,0.783,94.913,175400.0,4,2
Fickle Friends,Cosmic Coming of Age,46.0,0.603,0.674,6.0,-8.193,1,0.0591,0.139,3.41e-06,0.116,0.732,93.004,204259.0,4,6
Trippie Redd,PILL BREAKER (feat. blackbear & Machine Gun Kelly),71.0,0.527,0.79,2.0,-6.268,1,0.0788,0.016,,0.37,0.236,153.034,177059.0,3,10
bl00dwave,Blue,33.0,0.626,0.861,9.0,-7.384,0,0.0285,0.0114,0.562,0.101,0.501,110.014,146182.0,4,6
Johnny Winter,Third Degree,42.0,0.256,0.573,,-12.179,1,0.0408,0.141,0.0279,0.111,0.824,205.057,395600.0,3,2
"Gaetano Donizetti, Academy of St. Martin in the Fields, Sir Neville Marriner",String Quartet in D - Arr. for string orchestra: 1. Allegro,20.0,0.269,0.154,9.0,-18.072,1,0.0387,0.93,0.751,0.109,0.104,134.817,6.858216667,4,7
Chapterhouse,Breather,37.0,0.267,0.94,9.0,-7.052,1,0.0629,0.000126,0.161,0.358,0.21,155.581,258760.0,4,6
ILLENIUM,Crawl Outta Love - The Glitch Mob Remix,41.0,0.476,0.798,2.0,-5.405,1,0.0869,0.00677,0.0914,0.583,0.0372,92.781,309677.0,4,10
Kaiser Chiefs,Oh My God,41.0,0.367,0.938,7.0,-4.643,1,0.0464,0.0052,5.18e-06,0.428,0.556,177.916,214880.0,4,1
"ATB, Topic, A7S",Your Love (9PM),88.0,0.669,0.784,7.0,-5.603,1,0.112,0.194,6.28e-06,0.115,0.517,125.993,2.50088333,4,9
LO,Ani Oogiot,3.0,0.559,0.463,,-11.841,1,0.0257,0.201,0.00226,0.122,0.155,99.014,229520.0,4,6
MOSES,Cause You Got Me,46.0,0.494,0.805,1.0,-6.437,1,0.0293,0.000595,7.12e-05,0.0636,0.571,96.996,232526.0,4,10
ILLENIUM,First Time,74.0,0.526,0.667,9.0,-5.451,1,0.0437,0.0505,,0.321,0.43,155.085,165779.0,4,10
Shreya Ghoshal,Mann Bheetar,19.0,0.616,0.547,7.0,-7.63,1,0.0342,0.739,0.0362,0.121,0.345,110.025,6.484166667,4,0
MOD SUN,Heavy (feat. blackbear),65.0,0.367,0.707,5.0,-4.698,0,0.044,0.00806,,0.358,0.377,83.032,167765.0,4,1
Glass Animals,Tangerine,69.0,0.845,0.583,9.0,-5.948,0,0.0773,0.114,0.000536,0.1,0.842,149.941,200584.0,4,6
Aerosmith,Train Kept a Rollin',53.0,0.359,0.854,11.0,-9.799,0,0.0418,0.00194,0.00767,0.841,0.472,99.414,333227.0,4,10
Eyal Golan,◊§◊®◊ó◊ô◊ù ◊ë◊û◊ì◊ë◊®,33.0,0.478,0.447,10.0,-4.828,0,0.0295,0.55,,0.145,0.321,75.053,216496.0,4,9
Bathtub Cig,My Friend,26.0,0.689,0.208,7.0,-15.944,1,0.0344,0.96,0.635,0.0933,0.194,96.052,220514.0,4,6
Louf,Formation - Otik Remix,33.0,0.434,0.599,10.0,-11.966,0,0.0734,0.00189,0.891,0.0929,0.436,109.188,436630.0,5,1
Black Sabbath,Iron Man - 2012 - Remaster,38.0,0.336,0.796,6.0,-10.845,0,0.0896,0.00361,0.00143,0.0621,0.417,155.28,353613.0,4,10
Yung Bleu,Ghetto Love Birds,57.0,0.604,0.522,8.0,-6.796,1,0.0924,0.734,0.000172,0.113,0.287,93.169,186039.0,4,5
George Strait,The Fireman,56.0,0.664,0.601,2.0,-13.379,1,0.0616,0.137,3.09e-05,0.0567,0.934,168.979,2.572666667,4,4
BENEE,Night Garden (feat. Kenny Beats & Bakar),55.0,0.712,0.625,9.0,-4.925,0,0.29,0.0154,,0.0509,0.48,177.94,221865.0,4,6
DDG,Get What You Want (feat. PnB Rock),50.0,0.799,0.494,7.0,-12.029,1,0.266,0.147,0.000929,0.115,0.234,136.019,186196.0,4,5
Eugene Bridges,In Your Arms Again,8.0,0.668,0.614,4.0,-7.882,0,0.0278,0.127,,0.367,0.46,103.57,308573.0,4,2
Dead Pony,Speak of the Devil,32.0,0.431,0.777,7.0,-7.853,1,0.0494,0.000207,1.25e-05,0.105,0.361,76.027,215296.0,4,10
iann dior,Darkside,58.0,0.695,0.869,5.0,-6.914,1,0.0264,0.71,,0.343,0.92,123.991,154871.0,4,10
Idan Amedi,◊ê◊†◊ô ◊®◊ï◊¶◊î,45.0,0.632,0.499,2.0,-7.975,0,0.0313,0.788,,0.199,0.332,105.876,207020.0,4,9
Johnny Adams,This Time I'm Gone For Good,29.0,0.418,0.387,5.0,-11.79,0,0.0634,0.216,0.0127,0.142,0.361,202.033,280360.0,3,2
Lime Cordiale,On Our Own,57.0,0.705,0.692,9.0,-7.271,1,0.0303,0.00149,0.000193,0.137,0.772,125.933,216636.0,4,6
Isaac DaBom,◊™◊ë◊ò◊ô◊ó◊ô ◊ú◊ô,15.0,0.831,0.632,8.0,-8.875,0,0.13,0.139,2.71e-06,0.112,0.647,103.023,281477.0,4,9
Ghetts,IC3 (feat. Skepta) - Single Version,48.0,0.663,0.645,8.0,-7.977,1,0.398,0.443,,0.166,0.394,128.023,231107.0,4,5
Shivam Pathak,Ek Dil Ek Jaan,57.0,0.528,0.664,2.0,-7.262,1,0.0377,0.226,,0.121,0.109,97.893,3.6645,4,3
The Soft Cavalry,Dive,28.0,0.5,0.528,2.0,-10.051,1,0.0276,0.044,0.000243,0.0911,0.094,78.0,255385.0,4,6
Willie J Healey,Big Nothing,38.0,0.466,0.699,7.0,-6.101,1,0.0319,0.475,0.0065,0.221,0.716,190.384,142246.0,4,6
The Kinks,Lola - Remastered,57.0,0.468,0.839,9.0,-7.39,1,0.0365,0.459,0.461,0.151,0.935,151.842,242027.0,4,10
Suldusk,The Elm,38.0,0.601,0.439,4.0,-10.507,0,0.0253,0.43,0.00107,0.125,0.186,106.973,210834.0,4,8
Kurt Vile,Pretty Pimpin,63.0,0.566,0.663,8.0,-9.068,1,0.0278,0.0945,0.294,0.0915,0.762,91.108,298760.0,4,6
Yameii Online,Baby My Phone,70.0,0.427,0.666,5.0,-7.902,0,0.0415,0.176,0.229,0.0856,0.232,85.022,215771.0,4,9
Nikola Zolkiewska,Smoothness,55.0,0.325,0.164,,-17.19,0,0.0438,0.958,0.899,0.112,0.211,49.196,2.5641,3,7
The Rolling Stones,Gimme Shelter,,0.63,0.616,1.0,-8.128,0,0.0309,0.463,0.0408,0.173,0.509,118.65,4.51288333,4,10
Rod Stewart,The First Cut Is the Deepest,60.0,0.546,0.627,,-9.037,1,0.0244,0.316,0.00114,0.096,0.764,81.278,4.52,4,0
Jackie Hayes,eye 2 eye,48.0,0.638,0.666,4.0,-6.951,0,0.0392,0.00784,6.65e-05,0.314,0.651,131.962,185455.0,4,6
Jack Fruit,wrong but worth it,30.0,0.627,0.5,9.0,-9.615,0,0.046,0.0957,0.0385,0.522,0.353,120.025,178711.0,4,9
Phoria,Current,49.0,0.254,0.117,8.0,-21.35,0,0.0376,0.964,0.875,0.111,0.0447,78.533,350974.0,4,1
Shocking Blue,Inkpot,37.0,0.655,0.648,4.0,-8.708,1,0.0345,0.102,,0.0946,0.712,125.603,159000.0,4,2
James Bay,If You Ever Wanna Be In Love - James Bay Spotify Session 2015,66.0,0.68,0.315,11.0,-8.425,1,0.0391,0.913,,0.712,0.361,117.614,3.94645,4,0
Elliott Ok,72,14.0,0.398,0.338,7.0,-10.084,1,0.0304,0.328,0.0319,0.099,0.188,135.75,222906.0,4,6
The Zombies,Time of the Season - Mono Version,66.0,0.537,0.7,4.0,-6.852,0,0.0366,0.142,1.58e-06,0.383,0.695,117.111,214027.0,4,10
AC/DC,Big Gun,59.0,0.569,0.901,9.0,-5.197,1,0.0544,0.00555,0.26,0.16,0.839,133.194,259413.0,4,8
Webb Pierce,There Stands The Glass,20.0,0.524,0.176,3.0,-11.14,1,0.0345,0.911,,0.366,0.676,115.996,146000.0,4,10
Swamp Dogg,Please Let Me Go Round Again,34.0,0.716,0.33,,-13.283,1,0.046,0.193,2.94e-05,0.124,0.572,139.927,280840.0,4,6
The Pale White,Wisdom Tooth,29.0,0.441,0.884,,-4.319,1,0.104,0.00408,0.000812,0.406,0.468,129.931,171107.0,4,10
Machine Gun Kelly,forget me too (feat. Halsey),80.0,0.654,0.875,1.0,-4.845,1,0.0744,0.000417,0.0086,0.194,0.522,99.975,171621.0,4,10
Wallice,Hey Michael,60.0,0.759,0.636,4.0,-6.387,1,0.0473,0.0386,0.000117,0.643,0.921,120.019,179852.0,4,6
Tim Montana,Be A Cowboy,49.0,0.512,0.885,11.0,-3.558,1,0.0359,0.0208,,0.101,0.47,85.017,201707.0,4,10
Low (Acoustic),Angel Snow,33.0,0.557,0.264,9.0,-10.625,1,0.028,0.874,1.16e-05,0.0984,0.433,77.099,3.445166667,4,0
Johnny Cash,Big River,54.0,0.632,0.559,5.0,-10.49,1,0.0674,0.854,0.000103,0.127,0.884,182.942,151427.0,4,10
LILHUDDY,The Eulogy of You and Me,64.0,0.513,0.848,4.0,-4.644,1,0.0676,0.000161,,0.336,0.394,143.968,183362.0,4,9
BTS,Butter,,0.759,0.459,8.0,-5.187,1,0.0948,0.00323,,0.0906,0.695,109.997,164442.0,4,9
Shimi Tavori,◊¢◊ï◊ì ◊°◊ô◊§◊ï◊® ◊ê◊ó◊ì ◊©◊ú ◊ê◊î◊ë◊î,29.0,0.477,0.342,,-13.44,1,0.0273,0.304,,0.206,0.346,84.871,252467.0,4,9
The Wallflowers,Sleepwalker,44.0,0.534,0.892,4.0,-5.04,0,0.028,0.000697,,0.109,0.749,128.834,211027.0,4,10
Five Finger Death Punch,"Blue On Black (feat. Kenny Wayne Shepherd, Brantley Gilbert & Brian May)",58.0,0.45,0.872,7.0,-4.91,1,0.0353,0.0018,1.61e-05,0.0833,0.396,156.059,274615.0,4,8
2 Chainz,Grey Area,70.0,0.897,0.767,11.0,-4.544,1,0.0959,0.0679,0.000364,0.129,0.675,134.913,171838.0,4,5
Faze Miyake,Stay Woke,2.0,0.655,0.438,,-11.276,1,0.0433,0.012,0.648,0.222,0.557,148.018,174724.0,4,5
Jess Locke,Universe,28.0,0.653,0.543,11.0,-7.154,0,0.026,0.0852,5.37e-06,0.295,0.419,97.029,219753.0,4,6
Jeremy Zucker,emily,66.0,0.551,0.249,,-11.392,1,0.06,0.68,0.0022,0.112,0.257,156.02,233747.0,3,9
Wild Pink,The Shining but Tropical,40.0,0.501,0.792,4.0,-7.31,1,0.0255,0.00708,0.00318,0.67,0.645,88.014,291613.0,4,1
Jeezy,And Then What,33.0,0.75,0.723,,-5.452,1,0.231,0.00829,,0.0588,0.747,170.006,245480.0,4,5
"Mukesh, Lata Mangeshkar",Begani Shadi Men Abdulla Diwana,17.0,0.715,0.446,4.0,-10.887,0,0.0591,0.908,0.000198,0.427,0.932,102.673,3.61555,4,3
Passion Pit,Take a Walk,71.0,0.566,0.755,11.0,-5.526,1,0.0368,0.0338,,0.315,0.445,101.006,264493.0,4,6
Shawnna,Gettin' Some,47.0,0.823,0.586,4.0,-6.044,0,0.336,0.0901,,0.0605,0.611,78.054,202760.0,4,5
Walter Wolfman Washington,Landslide,18.0,0.705,0.811,11.0,-5.483,0,0.133,0.27,0.0248,0.0233,0.549,97.938,313813.0,4,2
Jamestown Revival,Prospector's Blues,45.0,0.529,0.652,4.0,-7.592,1,0.0348,0.607,,0.0893,0.486,76.052,239733.0,4,1
Second to Sun,Marsch der W√∂lfe,28.0,0.313,0.933,2.0,-4.574,1,0.062,4.82e-06,0.139,0.717,0.0958,76.01,315790.0,4,8
Baby Keem,durag activity (with Travis Scott),80.0,0.89,0.701,,-5.712,0,0.342,0.00306,3.06e-06,0.0895,0.505,80.462,225020.0,4,5
Armon,Hot Summer,8.0,0.352,0.648,9.0,-7.426,1,0.0375,0.37,0.432,0.27,0.36,82.436,349822.0,4,6
Long Distance Calling,Hazard,34.0,0.287,0.77,2.0,-7.477,1,0.0546,0.000483,0.445,0.0519,0.293,71.072,368973.0,4,8
The Jungle Giants,Treat You Right,56.0,0.664,0.759,9.0,-4.926,0,0.0428,0.0169,0.0025,0.179,0.771,160.023,221466.0,4,9
Sha Na Na,At the Hop - Live at Woodstock,22.0,0.294,0.923,4.0,-12.239,0,0.212,0.198,0.000128,0.992,0.208,135.384,184787.0,4,10
Wallice,23,55.0,0.576,0.597,5.0,-4.974,1,0.0391,0.22,,0.0914,0.614,133.686,164782.0,4,6
Dead by April,Let It Go,51.0,0.42,0.937,,-2.672,0,0.152,0.00938,,0.166,0.412,156.059,191154.0,4,8
Beck,Dreams,59.0,0.582,0.938,1.0,-5.726,0,0.0392,0.000733,0.0202,0.0841,0.8,113.999,314487.0,4,6
The Killers,Mr. Brightside,82.0,0.352,0.911,1.0,-5.23,1,0.0747,0.00121,,0.0995,0.236,148.033,222973.0,4,10
"Hemanth Bhagavath, Vignesh Prabhu, Swayam Prakash Prabhu",Jog Fusion,13.0,0.645,0.504,9.0,-13.495,1,0.145,0.974,0.786,0.23,0.511,124.904,4.725,4,0
Parker Millsap,Hades Pleads,48.0,0.568,0.632,9.0,-6.958,1,0.161,0.0245,0.000246,0.401,0.711,164.823,156107.0,4,10
bbno$,bad to the bone,67.0,0.95,0.574,11.0,-7.969,0,0.251,0.0973,0.000274,0.0801,0.656,106.042,141509.0,4,9
No s√© a qui√©n matar,No S√© a Qui√©n Matar,34.0,0.561,0.704,9.0,-6.062,1,0.0232,0.0412,0.857,0.217,0.678,98.99,219475.0,4,6
AWOLNATION,The Best (feat. Alice Merton),53.0,0.645,0.86,2.0,-5.041,0,0.031,0.128,0.00517,0.0929,0.04,111.029,223320.0,4,10
Bruce Springsteen,Ghosts,58.0,0.532,0.736,11.0,-6.901,1,0.0383,0.000146,0.000961,0.292,0.656,125.105,354813.0,4,10
Jamie O'Neal,When I Think About Angels,46.0,0.507,0.843,11.0,-3.421,1,0.108,0.274,,0.295,0.504,193.708,3.04355,4,4
Braid,Killing A Camera,32.0,0.39,0.885,11.0,-6.98,0,0.0549,0.0014,2.11e-05,0.371,0.592,83.661,153800.0,4,10
Rekha Bhardwaj,Badi Dheere Jali,25.0,0.439,0.364,10.0,-10.723,1,0.0341,0.877,0.007,0.0776,0.111,80.202,7.023266667,4,0
Tyla Yaweh,All the Smoke (feat. Gunna & Wiz Khalifa),71.0,0.712,0.822,6.0,-3.728,0,0.131,0.0321,,0.239,0.469,91.011,211237.0,4,5
JunkBunny,Another Summer Song,27.0,0.343,0.85,1.0,-7.51,1,0.0567,5.37e-05,5.01e-05,0.0905,0.437,161.794,230747.0,4,10
Lisa Mann,"Hard Times, Bad Decisions",29.0,0.624,0.849,11.0,-4.261,0,0.0358,0.0862,5.3e-05,0.362,0.717,94.066,271867.0,4,2
Kylie V,On My Mind,30.0,0.605,0.428,6.0,-7.93,1,0.0261,0.685,0.00924,0.201,0.228,152.969,260013.0,4,1
Hazvuvim,◊ñ◊®◊ñ◊ô◊®◊ô◊ù,14.0,0.682,0.749,4.0,-10.759,0,0.0435,0.00883,0.00166,0.12,0.686,117.871,330493.0,4,10
Illinois Jacquet,Port Of Rico,34.0,0.769,0.25,,-11.141,1,0.0556,0.711,0.0823,0.0855,0.615,127.147,164573.0,4,2
The Walkmen,The Rat,57.0,0.167,0.921,6.0,-4.881,0,0.061,0.000141,0.0716,0.239,0.315,168.225,262227.0,4,6
OK Go,This Too Shall Pass,43.0,0.43,0.669,5.0,-3.398,1,0.0448,5.07e-05,0.0105,0.121,0.417,160.001,188120.0,4,10
Half the Animal,Magic,43.0,0.539,0.654,1.0,-6.454,0,0.0813,0.0296,1.49e-06,0.0595,0.511,170.138,210820.0,5,10
bloody/bath,Arp-87,37.0,0.527,0.878,1.0,-4.932,1,0.0561,0.2,0.876,0.104,0.198,152.017,169728.0,4,6
Evolution Empire,Fist of God,,0.568,0.981,7.0,-5.161,1,0.0835,0.000322,0.0354,0.133,0.183,122.04,224028.0,4,10
Donny Hathaway,"To Be Young, Gifted and Black",,0.408,0.242,,-15.35,1,0.0328,0.538,0.0706,0.0931,0.364,131.152,410257.0,3,5
Fontaines D.C.,Too Real,46.0,0.495,0.96,4.0,-6.235,0,0.061,0.0281,1.05e-05,0.111,0.182,172.808,248409.0,4,1
Lowertown,Tourist Trap,32.0,0.516,0.698,,-8.008,1,0.031,0.00741,0.0087,0.575,0.227,84.014,181397.0,4,9
Eyal Golan,◊¶◊ê◊ô ◊ê◊ú ◊î◊ó◊ú◊ï◊ü,31.0,0.619,0.893,,-7.089,0,0.0438,0.0784,2.13e-05,0.291,0.939,104.014,242293.0,4,9
DaBaby,8 Figures (feat. Meek Mill),56.0,0.703,0.555,8.0,-8.199,1,0.382,0.0382,,0.246,0.702,177.205,178949.0,4,5
Monolink,Harlem River,51.0,0.845,0.429,1.0,-11.706,0,0.0973,0.183,0.267,0.0727,0.443,116.007,277609.0,4,6
The Beaches,Give It Up,41.0,0.691,0.62,6.0,-3.339,0,0.0455,0.0129,0.000686,0.0821,0.552,109.027,179973.0,4,10
Dua Lipa,"I'm Not the Only One - Live from Spotify, London",65.0,0.455,0.265,5.0,-8.468,1,0.0491,0.861,,0.685,0.324,176.036,3.264,4,0
Suli Breaks,Adulthood,22.0,0.885,0.517,4.0,-12.067,0,0.5,0.186,,0.446,0.705,110.012,178909.0,4,5
Malfunkshun,Jezebel Woman,42.0,0.217,0.736,9.0,-7.309,0,0.0409,0.000689,2.46e-06,0.0821,0.246,130.404,271333.0,4,10
George Harrison,Give Me Love (Give Me Peace On Earth),62.0,0.373,0.57,5.0,-11.56,1,0.0441,0.497,0.0124,0.128,0.631,81.28,215693.0,4,10
Mavi Phoenix,Grass And The Sun,46.0,0.818,0.459,8.0,-10.073,1,0.0399,0.916,0.906,0.111,0.246,110.126,174545.0,4,6
Jade Bird,I Get No Joy,43.0,0.673,0.722,5.0,-5.497,1,0.0855,0.364,,0.0605,0.717,91.962,162070.0,4,1
King of Asgard,Ammobi√¶rg,26.0,0.0809,0.993,2.0,-4.093,1,0.163,5.49e-05,0.932,0.183,0.0397,70.972,483440.0,1,8
Middle Kids,Cellophane (Brain),34.0,0.545,0.421,,-7.201,1,0.0276,0.0469,2.28e-06,0.214,0.314,149.955,210133.0,4,6